id,name,cid,旧prob_cctcm,新prob_cctcm,旧prob_herb,新prob_herb,旧blood(手填),ccTCM模式,HERB模式,旧值判定,cctcm变化
ccMon00000058,10-姜酚,168115,0.572,0.9312,0.71,0.2657,0.91,B:导师特征,B:HERB库特征,干净,0.3592
ccMon00000041,"1, 2, 3, 4-四氢化萘",8404,0.08,0.1482,0.034,0.0882,0.32,B:导师特征,B:HERB库特征,干净,0.0682
ccMon00000054,"1,4-桉叶素",10106,0.096,0.2011,0.046,0.0462,0.48,B:导师特征,B:HERB库特征,干净,0.1051
ccMon00000073,1-十二烷醇,8193,0.091,0.2325,0.536,0.1029,0.89,B:导师特征,B:HERB库特征,干净,0.1415
ccMon00000096,"2,3,5,6-四甲基吡嗪",,0.76,0.4607,,0.08,0.76,A:SMILES,A:SMILES,回填脏值,-0.2993
ccMon00000101,"2,4-二羟基苯乙酮",6990,0.728,0.8974,0.438,0.2258,0.45,B:导师特征,B:HERB库特征,干净,0.1694
ccMon00000114,2'-乙酰毛蕊花糖苷,21629996,0.736,0.3685,0.4365,0.1822,0.44,B:导师特征,B:HERB库特征,干净,-0.3675
ccMon00000115,2'-脱氧腺苷,,0.38,0.3879,,0.0799,0.38,A:SMILES,A:SMILES,回填脏值,0.0079
ccMon00000137,甲基正壬酮,8163,0.098,0.7161,0.082,0.4307,0.74,B:导师特征,B:HERB库特征,干净,0.6181
ccMon00000161,3-表去氢土莫酸,15225964,0.958,0.9857,0.764,0.8375,0.34,B:导师特征,B:HERB库特征,干净,0.0277
ccMon00000162,3-己烯-1-醇,10993,0.43,0.1619,0.146,0.015,0.43,A:SMILES,B:HERB库特征,回填脏值,-0.2681
ccMon00000187,对羟基苯乙酮,7469,0.674,0.8712,0.686,0.6566,0.54,B:导师特征,B:HERB库特征,干净,0.1972
ccMon00000188,对羟基苯甲酸,135,0.942,0.9825,0.472,0.847,0.69,B:导师特征,B:HERB库特征,干净,0.0405
ccMon00000189,对羟基苯甲醇,125,0.324,0.8879,0.236,0.5986,0.51,B:导师特征,B:HERB库特征,干净,0.5639
ccMon00000212,5-去甲川陈皮素,358832,0.914,0.3275,0.251,0.3288,0.6,B:导师特征,B:HERB库特征,干净,-0.5865
ccMon00000234,8-姜酚,168114,0.816,0.9459,0.33,0.7357,0.69,B:导师特征,B:HERB库特征,干净,0.1299
ccMon00000243,刺槐素（金合欢素）,5280442,0.594,0.9579,0.9033,0.8011,0.43,B:导师特征,B:HERB库特征,干净,0.3639
ccMon00000244,醋酸,176,0.29,0.3667,0.054,0.0427,0.83,B:导师特征,B:HERB库特征,干净,0.0767
ccMon00000246,乙酰紫草素,,0.88,0.4895,,0.0713,0.88,A:SMILES,A:SMILES,回填脏值,-0.3905
ccMon00000251,乌头碱,245005,0.862,0.9682,0.7445,0.7912,0.72,B:导师特征,B:HERB库特征,干净,0.1062
ccMon00000253,毛蕊花糖苷（类叶升麻苷；麦角甾苷）,90474101,0.39,0.63,0.923,0.3294,0.39,A:SMILES,B:HERB库特征,回填脏值,0.24
ccMon00000254,腺嘌呤,,0.85,0.5661,,0.2206,0.85,A:SMILES,A:SMILES,回填脏值,-0.2839
ccMon00000255,腺苷,,0.63,0.6068,,0.1435,0.63,A:SMILES,A:SMILES,回填脏值,-0.0232
ccMon00000257,阿福豆苷,5316673,0.474,0.9728,0.6487,0.4394,0.34,B:导师特征,B:HERB库特征,干净,0.4988
ccMon00000260,穗花牡荆苷,442416,0.568,0.5217,0.6273,0.5192,0.49,B:导师特征,B:HERB库特征,干净,-0.0463
ccMon00000264,白芍苷(芍药内酯苷),24868421,0.914,0.9388,0.852,0.7254,0.65,B:导师特征,B:HERB库特征,干净,0.0248
ccMon00000266,泽泻烯醇,86577299,0.8,0.2142,0.06,0.1679,0.8,A:SMILES,B:HERB库特征,回填脏值,-0.5858
ccMon00000267,环氧泽泻烯,10243299,0.92,0.5734,0.12,0.176,0.92,A:SMILES,B:HERB库特征,回填脏值,-0.3466
ccMon00000269,24-乙酰泽泻醇A,24884081,0.4,0.5747,0.584,0.2284,0.4,A:SMILES,B:HERB库特征,回填脏值,0.1747
ccMon00000271,23-乙酰泽泻醇B,138756747,0.43,0.5243,0.299,0.6907,0.43,A:SMILES,B:HERB库特征,回填脏值,0.0943
ccMon00000275,茜草素,,0.44,0.4876,,0.102,0.44,A:SMILES,A:SMILES,回填脏值,0.0476
ccMon00000277,别香橙烯,91746537,0.35,0.092,0.0,0.0074,0.35,A:SMILES,B:HERB库特征,回填脏值,-0.258
ccMon00000281,芦荟大黄素,,0.58,0.6518,,0.0642,0.58,A:SMILES,A:SMILES,回填脏值,0.0718
ccMon00000289,α-甜没药醇,1616126,0.81,0.1917,0.078,0.1944,0.81,A:SMILES,B:HERB库特征,回填脏值,-0.6183
ccMon00000298,α-香附酮,6452086,0.16,0.7047,0.04,0.3028,0.66,B:导师特征,B:HERB库特征,干净,0.5447
ccMon00000301,α-金合欢烯,,0.7,0.2993,,0.0346,0.7,A:SMILES,A:SMILES,回填脏值,-0.4007
ccMon00000300,α-法尼烯（α-金合欢烯）,5317320,0.52,0.5722,0.066,0.6218,0.52,A:SMILES,B:HERB库特征,回填脏值,0.0522
ccMon00000303,α-三联噻吩甲醛,454742,0.097,0.1761,0.058,0.0887,0.42,B:导师特征,B:HERB库特征,干净,0.0791
ccMon00000306,α-常春藤皂苷,73296,0.578,0.1085,0.3798,0.0571,0.79,B:导师特征,B:HERB库特征,干净,-0.4695
ccMon00000314,α-水芹烯,443160,0.42,0.1137,0.026,0.182,0.42,A:SMILES,B:HERB库特征,回填脏值,-0.3063
ccMon00000315,α-蒎烯,82227,0.48,0.3829,0.036,0.3879,0.48,A:SMILES,B:HERB库特征,回填脏值,-0.0971
ccMon00000317,α-檀香醇,5281531,0.132,0.1314,0.088,0.1338,0.48,B:导师特征,B:HERB库特征,干净,-0.0006
ccMon00000320,"α-松油醇（a,a,4-三甲基-3-环己烯-1-甲醇）",17100,0.046,0.1105,0.036,0.0486,0.79,B:导师特征,B:HERB库特征,干净,0.0645
ccMon00000322,α-三联噻吩,65067,0.065,0.1381,0.108,0.1813,0.87,B:导师特征,B:HERB库特征,干净,0.0731
ccMon00000323,α-三联噻吩甲醇,454740,0.087,0.1997,0.18,0.1141,0.77,B:导师特征,B:HERB库特征,干净,0.1127
ccMon00000328,α-姜烯,92776,0.046,0.1597,0.02,0.0766,0.59,B:导师特征,B:HERB库特征,干净,0.1137
ccMon00000329,山姜素,154279,0.6973,0.4822,0.1613,0.0718,0.79,B:导师特征,B:HERB库特征,干净,-0.2151
ccMon00000331,穗花杉双黄酮,5281600,0.426,0.86,0.3,0.6581,0.45,B:导师特征,B:HERB库特征,干净,0.434
ccMon00000332,苦杏仁苷,656516,0.906,0.9231,0.7643,0.2891,0.56,B:导师特征,B:HERB库特征,干净,0.0171
ccMon00000333,雄甾酮,5879,0.4518,0.3605,0.002,0.084,0.68,B:导师特征,B:HERB库特征,干净,-0.0913
ccMon00000336,白头翁皂苷B4,11636713,0.94,0.3642,0.582,0.0888,0.94,A:SMILES,B:HERB库特征,回填脏值,-0.5758
ccMon00000340,芹菜素,5280443,0.916,0.9796,0.646,0.4303,0.57,B:导师特征,B:HERB库特征,干净,0.0636
ccMon00000343,芹菜苷,5280746,0.852,0.4681,0.321,0.1422,0.64,B:导师特征,B:HERB库特征,干净,-0.3839
ccMon00000346,牛蒡苷元,230232,0.43,0.7299,0.2017,0.2481,0.43,A:SMILES,B:HERB库特征,回填脏值,0.2999
ccMon00000347,牛蒡子苷,100528,0.56,0.8732,0.272,0.6457,0.48,B:导师特征,B:HERB库特征,干净,0.3132
ccMon00000348,芳姜黄烯,3083834,0.03,0.1748,0.08,0.0703,0.33,B:导师特征,B:HERB库特征,干净,0.1448
ccMon00000363,青蒿素,68827,0.398,0.3398,0.296,0.037,0.43,B:导师特征,B:HERB库特征,干净,-0.0582
ccMon00000364,芳姜黄酮,160512,0.072,0.2184,0.134,0.0792,0.93,B:导师特征,B:HERB库特征,干净,0.1464
ccMon00000365,L-细辛脂素,11869417,0.808,0.9423,0.894,0.267,0.56,B:导师特征,B:HERB库特征,干净,0.1343
ccMon00000366,细辛脑（细辛醚）,5281758,0.252,0.8977,0.634,0.5851,0.35,B:导师特征,B:HERB库特征,干净,0.6457
ccMon00000367,抗坏血酸,,0.37,0.3645,,0.0262,0.37,A:SMILES,A:SMILES,回填脏值,-0.0055
ccMon00000374,车叶草苷,84298,0.554,0.8487,0.6,0.6179,0.65,B:导师特征,B:HERB库特征,干净,0.2947
ccMon00000375,车叶草酸,11968867,0.67,0.5783,0.3045,0.2061,0.35,B:导师特征,B:HERB库特征,干净,-0.0917
ccMon00000377,落新妇苷,442437,0.536,0.9918,0.2717,0.8225,0.9,B:导师特征,B:HERB库特征,干净,0.4558
ccMon00000384,白术内酯I,,0.78,0.5587,,0.0267,0.78,A:SMILES,A:SMILES,回填脏值,-0.2213
ccMon00000387,苍术素,5321047,0.056,0.745,0.234,0.4736,0.73,B:导师特征,B:HERB库特征,干净,0.689
ccMon00000390,桃叶珊瑚苷,91458,0.552,0.8894,0.6442,0.6579,0.6,B:导师特征,B:HERB库特征,干净,0.3374
ccMon00000391,橙皮油素(橙皮油内酯、葡萄内酯),1550607,0.7337,0.905,0.076,0.5004,0.33,B:导师特征,B:HERB库特征,干净,0.1713
ccMon00000392,扁蓄苷（广寄生苷）,5321278,0.55,0.5758,0.4198,0.1944,0.55,A:SMILES,B:HERB库特征,回填脏值,0.0258
ccMon00000393,黄芩素,5281605,0.936,0.9404,0.844,0.7688,0.58,B:导师特征,B:HERB库特征,干净,0.0044
ccMon00000394,黄芩苷,64982,0.8,0.9739,0.9344,0.6471,0.55,B:导师特征,B:HERB库特征,干净,0.1739
ccMon00000396,补骨脂酚,5468522,0.102,0.8222,0.154,0.372,0.44,B:导师特征,B:HERB库特征,干净,0.7202
ccMon00000397,宝藿苷 I,5488822,0.686,0.8971,0.4859,0.7072,0.83,B:导师特征,B:HERB库特征,干净,0.2111
ccMon00000399,补骨脂甲素（补骨脂二氢黄酮）,14236566,0.31,0.9619,0.0874,0.5282,0.74,B:导师特征,B:HERB库特征,干净,0.6519
ccMon00000400,补骨脂二氢黄酮甲醚,10337211,0.318,0.9398,0.1466,0.5016,0.49,B:导师特征,B:HERB库特征,干净,0.6218
ccMon00000402,苯丙呋喃,,0.8,0.5333,,0.0382,0.8,A:SMILES,A:SMILES,回填脏值,-0.2667
ccMon00000403,苯甲酸,243,0.924,0.2662,0.912,0.3285,0.55,B:导师特征,B:HERB库特征,干净,-0.6578
ccMon00000405,苯甲酰乌头原碱,60155417,0.49,0.7572,0.1625,0.2867,0.49,A:SMILES,B:HERB库特征,回填脏值,0.2672
ccMon00000406,苯甲酰次乌头原碱,78358535,0.878,0.9848,0.73,0.4917,0.37,B:导师特征,B:HERB库特征,干净,0.1068
ccMon00000407,苯甲酰新乌头原碱,122173204,0.49,0.7561,0.1733,0.4771,0.49,A:SMILES,B:HERB库特征,回填脏值,0.2661
ccMon00000411,苄基丙酮,17355,0.294,0.1662,0.388,0.188,0.6,B:导师特征,B:HERB库特征,干净,-0.1278
ccMon00000409,安息香酸苄酯（苯甲酸苄酯）,2345,0.52,0.8237,0.144,0.4801,0.32,B:导师特征,B:HERB库特征,干净,0.3037
ccMon00000410,肉桂酸苄酯,5273469,0.4465,0.4553,0.284,0.1078,0.84,B:导师特征,B:HERB库特征,干净,0.0088
ccMon00000412,小檗碱,2353,0.866,0.9739,0.546,0.5164,0.81,B:导师特征,B:HERB库特征,干净,0.1079
ccMon00000413,香柑内酯(佛手柑内酯),2355,0.63,0.9772,0.28,0.8246,0.51,B:导师特征,B:HERB库特征,干净,0.3472
ccMon00000417,β-红没药烯,10104370,0.038,0.1837,0.02,0.0896,0.72,B:导师特征,B:HERB库特征,干净,0.1457
ccMon00000420,β-石竹烯(β-律草烯),5281522,0.01,0.0423,0.004,0.0291,0.85,B:导师特征,B:HERB库特征,干净,0.0323
ccMon00000428,β-榄香烯,6431152,0.66,0.5017,0.01,0.1742,0.66,A:SMILES,B:HERB库特征,回填脏值,-0.1583
ccMon00000429,β-榄香酮酸,15559099,0.36,0.2809,0.072,0.0435,0.36,A:SMILES,B:HERB库特征,回填脏值,-0.0791
ccMon00000430,β-桉叶醇,5317270,0.076,0.0971,0.06,0.1558,0.93,B:导师特征,B:HERB库特征,干净,0.0211
ccMon00000434,甜菜碱,247,0.438,0.8105,0.252,0.4965,0.41,B:导师特征,B:HERB库特征,干净,0.3725
ccMon00000436,β-月桂烯,,0.42,0.3419,,0.0698,0.42,A:SMILES,A:SMILES,回填脏值,-0.0781
ccMon00000435,β-香叶烯（β-月桂烯）,31253,0.048,0.764,0.032,0.4969,0.36,B:导师特征,B:HERB库特征,干净,0.716
ccMon00000439,β-广藿香烯,91746471,0.024,0.1034,0.03,0.1891,0.79,B:导师特征,B:HERB库特征,干净,0.0794
ccMon00000440,β-水芹烯,442484,0.65,0.1806,0.056,0.0665,0.65,A:SMILES,B:HERB库特征,回填脏值,-0.4694
ccMon00000441,β-蒎烯,440967,0.038,0.2074,0.038,0.4019,0.84,B:导师特征,B:HERB库特征,干净,0.1694
ccMon00000443,β-檀香醇,6857681,0.142,0.1765,0.064,0.1029,0.91,B:导师特征,B:HERB库特征,干净,0.0345
ccMon00000444,β-蛇床烯（β-芹子烯）,442393,0.008,0.1407,0.012,0.0769,0.6,B:导师特征,B:HERB库特征,干净,0.1327
ccMon00000445,β-倍半水芹烯,519764,0.48,0.4279,0.02,0.0595,0.48,A:SMILES,B:HERB库特征,回填脏值,-0.0521
ccMon00000449,桦木醇（白桦脂醇）,72326,0.446,0.8572,0.204,0.1238,0.3,B:导师特征,B:HERB库特征,干净,0.4112
ccMon00000450,白桦脂酸,485711,0.4588,0.3789,0.262,0.1716,0.36,B:导师特征,B:HERB库特征,干净,-0.0799
ccMon00000453,双环大牛儿烯,13894537,0.002,0.0561,0.064,0.1255,0.53,B:导师特征,B:HERB库特征,干净,0.0541
ccMon00000454,游离胆红素,,0.43,0.4297,,0.0191,0.43,A:SMILES,A:SMILES,回填脏值,-0.0003
ccMon00000456,甜没药萜醇（红没药醇）,1616126,0.38,0.1917,0.078,0.1944,0.38,A:SMILES,B:HERB库特征,回填脏值,-0.1883
ccMon00000459,双去甲氧基姜黄素,5315472,0.7267,0.6077,0.344,0.6327,0.63,B:导师特征,B:HERB库特征,干净,-0.119
ccMon00000461,波尔定碱,10154,0.796,0.512,0.528,0.2508,0.69,B:导师特征,B:HERB库特征,干净,-0.284
ccMon00000462,龙脑（冰片）,6973640,0.79,0.3312,0.068,0.2983,0.79,A:SMILES,B:HERB库特征,回填脏值,-0.4588
ccMon00000468,鸦胆子苦醇,,0.77,0.3039,,0.0045,0.77,A:SMILES,A:SMILES,回填脏值,-0.4661
ccMon00000469,二丁基羟基甲苯,,0.51,0.3042,,0.1241,0.51,A:SMILES,A:SMILES,回填脏值,-0.2058
ccMon00000470,3-正丁烯基苯酞,642376,0.768,0.8009,0.876,0.6362,0.31,B:导师特征,B:HERB库特征,干净,0.0329
ccMon00000472,尸胺,273,0.408,0.2329,0.072,0.0491,0.33,B:导师特征,B:HERB库特征,干净,-0.1751
ccMon00000474,咖啡酸,689043,0.942,0.9773,0.876,0.769,0.9,B:导师特征,B:HERB库特征,干净,0.0353
ccMon00000478,钙,,0.68,0.5817,,0.076,0.68,A:SMILES,A:SMILES,回填脏值,-0.0983
ccMon00000481,"毛蕊异黄酮（7, 3'-二羟基-4'-甲氧基异黄酮）",5280448,0.908,0.9769,0.9,0.8129,0.65,B:导师特征,B:HERB库特征,干净,0.0689
ccMon00000484,莰烯（樟脑萜）,92221,0.82,0.4194,0.034,0.4245,0.82,A:SMILES,B:HERB库特征,回填脏值,-0.4006
ccMon00000485,樟脑,444294,0.46,0.4406,0.066,0.507,0.46,A:SMILES,B:HERB库特征,回填脏值,-0.0194
ccMon00000489,羧基苍术苷,20055804,0.558,0.315,0.292,0.0343,0.62,B:导师特征,B:HERB库特征,干净,-0.243
ccMon00000490,小豆蔻明,641785,0.5784,0.5788,0.54,0.3157,0.74,B:导师特征,B:HERB库特征,干净,0.0004
ccMon00000492,香芹酚,10364,0.102,0.2571,0.254,0.2662,0.31,B:导师特征,B:HERB库特征,干净,0.1551
ccMon00000491,香芹酚（2-甲基-5-（1-甲乙基）酚）,10364,0.102,0.2571,0.254,0.2662,0.9,B:导师特征,B:HERB库特征,干净,0.1551
ccMon00000493,香芹酮,,0.58,0.1462,,0.0818,0.58,A:SMILES,A:SMILES,回填脏值,-0.4338
ccMon00000494,石竹烯（丁子香烯）,5281522,0.01,0.0423,0.004,0.0291,0.43,B:导师特征,B:HERB库特征,干净,0.0323
ccMon00000496,氧化石竹烯,11908458,0.79,0.1463,0.112,0.0399,0.79,A:SMILES,B:HERB库特征,回填脏值,-0.6437
ccMon00000495,石竹烯氧化物（石竹素）,11908458,0.58,0.1463,0.112,0.0399,0.58,A:SMILES,B:HERB库特征,回填脏值,-0.4337
ccMon00000497,紫花牡荆素,5315263,0.788,0.1842,0.13,0.1721,0.42,B:导师特征,B:HERB库特征,干净,-0.6038
ccMon00000498,梓醇,91520,0.43,0.794,0.796,0.6983,0.76,B:导师特征,B:HERB库特征,干净,0.364
ccMon00000499,儿茶素,72276,0.514,0.9566,0.229,0.172,0.83,B:导师特征,B:HERB库特征,干净,0.4426
ccMon00000502,雪松醇,6572608,0.61,0.1724,0.052,0.1698,0.61,A:SMILES,B:HERB库特征,回填脏值,-0.4376
ccMon00000501,雪松醇（柏木脑）,6572608,0.58,0.1724,0.052,0.1698,0.58,A:SMILES,B:HERB库特征,回填脏值,-0.4076
ccMon00000504,诃子鞣酸(诃黎勒酸),,0.51,0.3239,,0.0082,0.51,A:SMILES,A:SMILES,回填脏值,-0.1861
ccMon00000505,诃子次酸,,0.38,0.4592,,0.0499,0.38,A:SMILES,A:SMILES,回填脏值,0.0792
ccMon00000506,鹅去氧胆酸,31401,0.48,0.6707,0.088,0.6677,0.48,A:SMILES,B:HERB库特征,回填脏值,0.1907
ccMon00000508,绿原酸,12310830,0.63,0.7664,0.9415,0.7882,0.63,A:SMILES,B:HERB库特征,回填脏值,0.1364
ccMon00000509,胆甾醇,5997,0.1653,0.7356,0.17,0.2802,0.75,B:导师特征,B:HERB库特征,干净,0.5703
ccMon00000510,胆酸,221493,0.67,0.9714,0.1613,0.8081,0.94,B:导师特征,B:HERB库特征,干净,0.3014
ccMon00000512,白杨素,5281607,0.854,0.9595,0.381,0.7637,0.35,B:导师特征,B:HERB库特征,干净,0.1055
ccMon00000513,金圣草素,5280666,0.624,0.594,0.583,0.768,0.76,B:导师特征,B:HERB库特征,干净,-0.03
ccMon00000514,大黄酚,10208,0.512,0.9186,0.82,0.3988,0.42,B:导师特征,B:HERB库特征,干净,0.4066
ccMon00000516,猫眼草黄素,5281608,0.792,0.1616,0.586,0.2045,0.52,B:导师特征,B:HERB库特征,干净,-0.6304
ccMon00000517,菊苣酸,5470299,0.46,0.6001,0.6267,0.369,0.46,A:SMILES,B:HERB库特征,回填脏值,0.1401
ccMon00000522,肉桂酸,444539,0.9467,0.4246,0.824,0.2341,0.32,B:导师特征,B:HERB库特征,干净,-0.5221
ccMon00000523,桂皮醛（肉桂醛）,6428995,0.57,0.5556,0.306,0.7842,0.57,A:SMILES,B:HERB库特征,回填脏值,-0.0144
ccMon00000525,甲基条叶蓟素（3'-甲氧基蓟黄素）,162464,0.716,0.3956,0.1823,0.1758,0.33,B:导师特征,B:HERB库特征,干净,-0.3204
ccMon00000526,"线蓟素（5,3',4'-三羟基-6,7-二甲氧基黄酮）",160237,0.792,0.4498,0.4035,0.171,0.45,B:导师特征,B:HERB库特征,干净,-0.3422
ccMon00000527,蓟黄素,188323,0.903,0.8541,0.788,0.7016,0.6,B:导师特征,B:HERB库特征,干净,-0.0489
ccMon00000530,顺式细辛醚（β-细辛脑）,5281758,0.252,0.8977,0.634,0.5851,0.41,B:导师特征,B:HERB库特征,干净,0.6457
ccMon00000539,"柠檬醛（3,7-二甲基-2,6-辛二烯醛）",638011,0.024,0.133,0.118,0.1494,0.45,B:导师特征,B:HERB库特征,干净,0.109
ccMon00000540,柠檬酸(枸橼酸),311,0.814,0.8972,0.784,0.5502,0.55,B:导师特征,B:HERB库特征,干净,0.0832
ccMon00000541,香茅醛,75427,0.62,0.1312,0.084,0.0219,0.62,A:SMILES,B:HERB库特征,回填脏值,-0.4888
ccMon00000543,蛇床酞内酯,5018391,0.88,0.62,0.546,0.5831,0.88,A:SMILES,B:HERB库特征,回填脏值,-0.26
ccMon00000546,乌药碱,281691,0.31,0.6804,0.6,0.4568,0.31,A:SMILES,B:HERB库特征,回填脏值,0.3704
ccMon00000547,可待因,5284371,0.626,0.9273,0.214,0.6814,0.73,B:导师特征,B:HERB库特征,干净,0.3013
ccMon00000549,"贝母兰宁(2,7-二羟基-4-甲氧基-9,10-二氢菲)",11390848,0.598,0.5212,0.1459,0.0641,0.71,B:导师特征,B:HERB库特征,干净,-0.0768
ccMon00000550,秋水仙碱,2833,0.68,0.5432,0.253,0.0529,0.68,A:SMILES,B:HERB库特征,回填脏值,-0.1368
ccMon00000551,非洲防己碱,72310,0.892,0.9515,0.305,0.8268,0.64,B:导师特征,B:HERB库特征,干净,0.0595
ccMon00000552,二氢欧山芹醇当归酸酯,6436246,0.6293,0.911,0.106,0.4643,0.41,B:导师特征,B:HERB库特征,干净,0.2817
ccMon00000553,二氢欧山芹素,150888,0.43,0.7697,0.03,0.411,0.43,A:SMILES,B:HERB库特征,回填脏值,0.3397
ccMon00000559,黄连碱,72322,0.448,0.9271,0.298,0.8681,0.75,B:导师特征,B:HERB库特征,干净,0.4791
ccMon00000560,柯里拉京,10077799,0.9,0.382,0.318,0.1003,0.9,A:SMILES,B:HERB库特征,回填脏值,-0.518
ccMon00000563,科罗索酸(2α-羟基熊果酸),6918774,0.49,0.4612,0.1656,0.1126,0.35,B:导师特征,B:HERB库特征,干净,-0.0288
ccMon00000565,补骨脂宁,5316097,0.408,0.8392,0.01,0.3561,0.69,B:导师特征,B:HERB库特征,干净,0.4312
ccMon00000567,柯诺辛,5281408,0.916,0.9274,0.866,0.6936,0.55,B:导师特征,B:HERB库特征,干净,0.0114
ccMon00000568,柯诺辛B,5281408,0.916,0.9274,0.866,0.6936,0.56,B:导师特征,B:HERB库特征,干净,0.0114
ccMon00000572,列当苷,44593361,0.572,0.5049,0.6967,0.266,0.67,B:导师特征,B:HERB库特征,干净,-0.0671
ccMon00000573,西红花酸（藏红花酸）,5281232,0.878,0.8185,0.776,0.4117,0.66,B:导师特征,B:HERB库特征,干净,-0.0595
ccMon00000581,隐丹参酮,,0.39,0.6488,,0.0665,0.39,A:SMILES,A:SMILES,回填脏值,0.2588
ccMon00000582,葫芦素B,5352014,0.8,0.3894,0.04,0.025,0.8,A:SMILES,B:HERB库特征,回填脏值,-0.4106
ccMon00000588,姜黄素,6604598,0.39,0.7726,0.574,0.6106,0.39,A:SMILES,B:HERB库特征,回填脏值,0.3826
ccMon00000589,莪术醇,14240392,0.2518,0.1138,0.302,0.0354,0.44,B:导师特征,B:HERB库特征,干净,-0.138
ccMon00000599,杯苋甾酮,,0.87,0.3814,,0.0127,0.87,A:SMILES,A:SMILES,回填脏值,-0.4886
ccMon00000602,环十二烷,9268,0.1027,0.1064,0.016,0.0699,0.9,B:导师特征,B:HERB库特征,干净,0.0037
ccMon00000609,"洋蓟素（1,3-二咖啡酰奎宁酸）",5281769,0.918,0.6744,0.992,0.1001,0.74,B:导师特征,B:HERB库特征,干净,-0.2436
ccMon00000612,胞苷,,0.31,0.5546,,0.1682,0.31,A:SMILES,A:SMILES,回填脏值,0.2446
ccMon00000613,金雀花碱,10235,0.338,0.9043,0.264,0.1872,0.86,B:导师特征,B:HERB库特征,干净,0.5663
ccMon00000614,胞嘧啶,,0.36,0.5933,,0.201,0.36,A:SMILES,A:SMILES,回填脏值,0.2333
ccMon00000616,大豆素,5281708,0.782,0.9783,0.427,0.8143,0.37,B:导师特征,B:HERB库特征,干净,0.1963
ccMon00000617,大豆苷,107971,0.96,0.9695,0.816,0.8146,0.86,B:导师特征,B:HERB库特征,干净,0.0095
ccMon00000626,癸醛,8175,0.14,0.33,0.12,0.0834,0.87,B:导师特征,B:HERB库特征,干净,0.19
ccMon00000627,葵烷,,0.82,0.2103,,0.1246,0.82,A:SMILES,A:SMILES,回填脏值,-0.6097
ccMon00000628,癸酸,2969,0.6388,0.6224,0.132,0.1446,0.66,B:导师特征,B:HERB库特征,干净,-0.0164
ccMon00000631,去氢木香内酯,73174,0.428,0.1991,0.218,0.0638,0.7,B:导师特征,B:HERB库特征,干净,-0.2289
ccMon00000632,去氢吴茱萸碱,9817839,0.4253,0.8712,0.022,0.5643,0.38,B:导师特征,B:HERB库特征,干净,0.4459
ccMon00000634,去氢茯苓酸,15226717,0.902,0.9522,0.794,0.9124,0.39,B:导师特征,B:HERB库特征,干净,0.0502
ccMon00000635,松苓新酸,12133286,0.37,0.5106,0.104,0.0815,0.37,A:SMILES,B:HERB库特征,回填脏值,0.1406
ccMon00000636,去氢土莫酸,15225964,0.958,0.9857,0.764,0.8375,0.92,B:导师特征,B:HERB库特征,干净,0.0277
ccMon00000642,去甲氧基姜黄素,5469424,0.716,0.9265,0.1,0.5151,0.34,B:导师特征,B:HERB库特征,干净,0.2105
ccMon00000646,去氧胆酸,222528,0.57,0.9113,0.274,0.815,0.75,B:导师特征,B:HERB库特征,干净,0.3413
ccMon00000647,去氧紫草素,,0.46,0.5181,,0.0932,0.46,A:SMILES,A:SMILES,回填脏值,0.0581
ccMon00000649,邻苯二甲酸二丁酯,3026,0.398,0.8089,0.628,0.2042,0.55,B:导师特征,B:HERB库特征,干净,0.4109
ccMon00000651,丁香素（双羟香豆素）,,0.51,0.5019,,0.2157,0.51,A:SMILES,A:SMILES,回填脏值,-0.0081
ccMon00000654,香蜂草苷,102464035,0.39,0.6128,0.4152,0.2727,0.39,A:SMILES,B:HERB库特征,回填脏值,0.2228
ccMon00000655,dihydroactinidiolide,27209,0.462,0.3328,0.056,0.0231,0.45,B:导师特征,B:HERB库特征,干净,-0.1292
ccMon00000658,二氢丹参酮Ⅰ,,0.46,0.6134,,0.168,0.46,A:SMILES,A:SMILES,回填脏值,0.1534
ccMon00000660,邻苯二甲酸二异丁酯,6782,0.325,0.1273,0.32,0.1742,0.94,B:导师特征,B:HERB库特征,干净,-0.1977
ccMon00000661,薯蓣皂苷,16072386,0.88,0.5616,0.2265,0.3548,0.88,A:SMILES,B:HERB库特征,回填脏值,-0.3184
ccMon00000663,香叶木素,5281612,0.62,0.8919,0.669,0.7755,0.73,B:导师特征,B:HERB库特征,干净,0.2719
ccMon00000665,香叶木苷,5281613,0.598,0.3819,0.5131,0.1622,0.77,B:导师特征,B:HERB库特征,干净,-0.2161
ccMon00000673,月桂酸,3893,0.826,0.8921,0.832,0.2005,0.83,B:导师特征,B:HERB库特征,干净,0.0661
ccMon00000674,多巴胺,681,0.598,0.4798,0.442,0.1919,0.93,B:导师特征,B:HERB库特征,干净,-0.1182
ccMon00000677,松果菊苷,11953944,0.95,0.6177,0.696,0.3057,0.95,A:SMILES,B:HERB库特征,回填脏值,-0.3323
ccMon00000678,刺甘草查尔酮,6442675,0.876,0.9486,0.502,0.7435,0.67,B:导师特征,B:HERB库特征,干净,0.0726
ccMon00000679,刺囊酸,476486,0.75,0.4057,0.237,0.0672,0.75,A:SMILES,B:HERB库特征,回填脏值,-0.3443
ccMon00000682,榄香素,10248,0.258,0.8278,0.084,0.5472,0.46,B:导师特征,B:HERB库特征,干净,0.5698
ccMon00000685,鞣花酸,,0.83,0.4488,,0.0849,0.83,A:SMILES,A:SMILES,回填脏值,-0.3812
ccMon00000687,大黄素,3220,0.808,0.9273,0.642,0.3835,0.37,B:导师特征,B:HERB库特征,干净,0.1193
ccMon00000688,大黄素-8-O-β-D-葡萄糖苷（蒽苷B）,318730,0.4,0.6825,0.8693,0.6221,0.4,A:SMILES,B:HERB库特征,回填脏值,0.2825
ccMon00000689,黄杞苷,101937309,0.028,0.2501,0.382,0.8013,0.53,B:导师特征,B:HERB库特征,干净,0.2221
ccMon00000691,麻黄碱,7028,0.83,0.9716,0.924,0.5273,0.37,B:导师特征,B:HERB库特征,干净,0.1416
ccMon00000692,表小檗碱,160876,0.862,0.9764,0.546,0.897,0.71,B:导师特征,B:HERB库特征,干净,0.1144
ccMon00000707,"麦角甾-7,22-二烯-3-酮",129685482,0.74,0.2534,0.014,0.035,0.74,A:SMILES,B:HERB库特征,回填脏值,-0.4866
ccMon00000708,麦角甾醇,444679,0.16,0.7296,0.136,0.2051,0.34,B:导师特征,B:HERB库特征,干净,0.5696
ccMon00000714,秦皮乙素,5281416,0.492,0.9496,0.272,0.7821,0.47,B:导师特征,B:HERB库特征,干净,0.4576
ccMon00000715,秦皮甲素,5281417,0.442,0.8684,0.158,0.5554,0.7,B:导师特征,B:HERB库特征,干净,0.4264
ccMon00000716,草蒿脑（4-烯丙基苯甲醚）,8815,0.064,0.2869,0.14,0.2573,0.48,B:导师特征,B:HERB库特征,干净,0.2229
ccMon00000717,乙酸乙酯,8857,0.264,0.2449,0.118,0.0155,0.84,B:导师特征,B:HERB库特征,干净,-0.0191
ccMon00000722,丁香酚,3314,0.24,0.8753,0.272,0.7959,0.95,B:导师特征,B:HERB库特征,干净,0.6353
ccMon00000724,异泽兰黄素,5273755,0.718,0.3578,0.3363,0.5133,0.7,B:导师特征,B:HERB库特征,干净,-0.3602
ccMon00000725,大戟二烯醇,101257,0.1732,0.1386,0.116,0.1047,0.93,B:导师特征,B:HERB库特征,干净,-0.0346
ccMon00000726,蔷薇酸（野鸦椿酸）,73193,0.458,0.6511,0.08,0.3962,0.61,B:导师特征,B:HERB库特征,干净,0.1931
ccMon00000727,吴茱萸卡品碱(吴茱萸新碱),5317303,0.3527,0.9485,0.16,0.8094,0.63,B:导师特征,B:HERB库特征,干净,0.5958
ccMon00000728,吴茱萸碱,151289,0.37,0.6569,0.014,0.5136,0.37,A:SMILES,B:HERB库特征,回填脏值,0.2869
ccMon00000729,法卡林二醇,6436239,0.88,0.2283,0.68,0.0258,0.88,A:SMILES,B:HERB库特征,回填脏值,-0.6517
ccMon00000730,防己诺林碱（汉防己乙素）,73481,0.468,0.9022,0.192,0.1256,0.65,B:导师特征,B:HERB库特征,干净,0.4342
ccMon00000731,木兰脂素,92966415,0.71,0.5303,0.387,0.2186,0.71,A:SMILES,B:HERB库特征,回填脏值,-0.1797
ccMon00000732,法尼醇（金合欢醇）,1549107,0.098,0.2401,0.114,0.1761,0.94,B:导师特征,B:HERB库特征,干净,0.1421
ccMon00000735,葑酮,82229,0.73,0.2044,0.052,0.2637,0.73,A:SMILES,B:HERB库特征,回填脏值,-0.5256
ccMon00000736,阿魏酸,1548883,0.8,0.8292,0.51,0.7664,0.8,A:SMILES,B:HERB库特征,回填脏值,0.0292
ccMon00000738,荧蒽,9154,0.114,0.1852,0.042,0.1034,0.47,B:导师特征,B:HERB库特征,干净,0.0712
ccMon00000739,芒柄花素（芒柄花黄素）,5280378,0.747,0.9687,0.806,0.6972,0.84,B:导师特征,B:HERB库特征,干净,0.2217
ccMon00000742,连翘酯苷B,23928102,0.816,0.9313,0.497,0.759,0.93,B:导师特征,B:HERB库特征,干净,0.1153
ccMon00000744,秦皮素,5273569,0.738,0.9564,0.21,0.7219,0.49,B:导师特征,B:HERB库特征,干净,0.2184
ccMon00000746,木栓酮,91472,0.096,0.2102,0.018,0.0629,0.52,B:导师特征,B:HERB库特征,干净,0.1142
ccMon00000747,岩藻黄质,5281239,0.528,0.3685,0.002,0.0055,0.77,B:导师特征,B:HERB库特征,干净,-0.1595
ccMon00000751,高良姜素,5281616,0.89,0.9396,0.69,0.7844,0.43,B:导师特征,B:HERB库特征,干净,0.0496
ccMon00000753,没食子酸,370,0.9055,0.9456,0.83,0.6776,0.56,B:导师特征,B:HERB库特征,干净,0.0401
ccMon00000754,没食子儿茶素,72277,0.2336,0.2956,0.3277,0.5004,0.71,B:导师特征,B:HERB库特征,干净,0.062
ccMon00000755,没食子酰基芍药苷,138113865,0.51,0.7454,0.8459,0.7877,0.51,A:SMILES,B:HERB库特征,回填脏值,0.2354
ccMon00000760,γ-桉叶醇,6432005,0.111,0.1564,0.004,0.0477,0.59,B:导师特征,B:HERB库特征,干净,0.0454
ccMon00000765,γ-松油烯（γ-萜品烯）,7461,0.035,0.1663,0.07,0.1326,0.56,B:导师特征,B:HERB库特征,干净,0.1313
ccMon00000767,羟异栀子苷（山栀子苷B）,442423,0.654,0.9508,0.91,0.8178,0.43,B:导师特征,B:HERB库特征,干净,0.2968
ccMon00000768,栀子新苷,46173850,0.538,0.8878,0.7732,0.5205,0.63,B:导师特征,B:HERB库特征,干净,0.3498
ccMon00000769,天麻素(4-（羟甲基）苯基-D-吡喃葡萄糖苷),115067,0.754,0.9339,0.416,0.6907,0.71,B:导师特征,B:HERB库特征,干净,0.1799
ccMon00000771,京尼平-1-β-D-龙胆二糖苷,3082301,0.666,0.9401,0.8223,0.7544,0.77,B:导师特征,B:HERB库特征,干净,0.2741
ccMon00000772,栀子苷（京尼平苷）,107848,0.856,0.9721,0.576,0.8801,0.66,B:导师特征,B:HERB库特征,干净,0.1161
ccMon00000773,栀子苷酸（京尼平苷酸）,443354,0.832,0.9698,0.6269,0.8048,0.41,B:导师特征,B:HERB库特征,干净,0.1378
ccMon00000774,染料木素,5280961,0.956,0.6043,0.822,0.7818,0.65,B:导师特征,B:HERB库特征,干净,-0.3517
ccMon00000775,染料木苷,5281377,0.94,0.9595,0.7936,0.6141,0.92,B:导师特征,B:HERB库特征,干净,0.0195
ccMon00000776,芫花素,5281617,0.56,0.9672,0.7636,0.4998,0.61,B:导师特征,B:HERB库特征,干净,0.4072
ccMon00000779,龙胆苦苷,88708,0.538,0.5105,0.6307,0.5447,0.6,B:导师特征,B:HERB库特征,干净,-0.0275
ccMon00000780,香叶醇,,0.61,0.4677,,0.1473,0.61,A:SMILES,A:SMILES,回填脏值,-0.1423
ccMon00000781,醋酸香叶酯,1549025,0.2961,0.8439,0.182,0.3674,0.8,B:导师特征,B:HERB库特征,干净,0.5478
ccMon00000783,吉马酮（牻牛儿酮）,6453848,0.91,0.4656,0.11,0.0834,0.91,A:SMILES,B:HERB库特征,回填脏值,-0.4444
ccMon00000784,人参皂苷F1,9809542,0.94,0.9489,0.8426,0.7559,0.69,B:导师特征,B:HERB库特征,干净,0.0089
ccMon00000785,人参皂苷F2,9918692,0.942,0.9797,1.0,0.6994,0.42,B:导师特征,B:HERB库特征,干净,0.0377
ccMon00000791,人参皂苷Rb1,9898279,0.982,0.9957,0.904,0.5434,0.85,B:导师特征,B:HERB库特征,干净,0.0137
ccMon00000792,人参皂苷Rb2,12912363,0.962,0.9969,0.98,0.7884,0.49,B:导师特征,B:HERB库特征,干净,0.0349
ccMon00000794,人参皂苷Rc,12855889,0.992,0.996,0.988,0.8057,0.87,B:导师特征,B:HERB库特征,干净,0.004
ccMon00000795,人参皂苷Rd,,0.6,0.2103,,0.1246,0.6,A:SMILES,A:SMILES,回填脏值,-0.3897
ccMon00000796,人参皂苷Re,441921,0.942,0.9913,0.816,0.7385,0.33,B:导师特征,B:HERB库特征,干净,0.0493
ccMon00000797,人参皂苷Rf,441922,0.95,0.9956,0.947,0.8221,0.71,B:导师特征,B:HERB库特征,干净,0.0456
ccMon00000798,人参皂苷Rg1,441923,0.952,0.9911,0.947,0.7933,0.41,B:导师特征,B:HERB库特征,干净,0.0391
ccMon00000799,人参皂苷Rg2,21599924,0.992,0.9907,0.963,0.9127,0.79,B:导师特征,B:HERB库特征,干净,-0.0013
ccMon00000801,人参皂苷Rg5,11550001,0.798,0.5915,0.414,0.6526,0.63,B:导师特征,B:HERB库特征,干净,-0.2065
ccMon00000803,人参皂苷Rh1,12855917,0.3,0.786,0.531,0.6964,0.3,A:SMILES,B:HERB库特征,回填脏值,0.486
ccMon00000804,人参皂苷Rh4,21599928,0.67,0.9351,0.3327,0.7713,0.94,B:导师特征,B:HERB库特征,干净,0.2651
ccMon00000805,人参皂苷Rk1,11499198,0.726,0.4921,0.2577,0.1681,0.65,B:导师特征,B:HERB库特征,干净,-0.2339
ccMon00000806,人参皂苷Rk3,,0.76,0.6501,,0.271,0.76,A:SMILES,A:SMILES,回填脏值,-0.1099
ccMon00000807,人参皂苷Ro,,0.79,0.4513,,0.0247,0.79,A:SMILES,A:SMILES,回填脏值,-0.3387
ccMon00000809,萝卜硫苷,,0.34,0.3396,,0.0051,0.34,A:SMILES,A:SMILES,回填脏值,-0.0004
ccMon00000811,黄豆黄素,5317750,0.88,0.9665,0.896,0.8475,0.38,B:导师特征,B:HERB库特征,干净,0.0865
ccMon00000812,黄豆黄苷,187808,0.846,0.7075,0.5527,0.6913,0.52,B:导师特征,B:HERB库特征,干净,-0.1385
ccMon00000813,甘氨鹅去氧胆酸,,0.51,0.6685,,0.1617,0.51,A:SMILES,A:SMILES,回填脏值,0.1585
ccMon00000814,甘氨胆酸,45109806,0.64,0.6934,0.15,0.1632,0.64,A:SMILES,B:HERB库特征,回填脏值,0.0534
ccMon00000817,甘草酸,128229,0.39,0.7952,0.7576,0.179,0.39,A:SMILES,B:HERB库特征,回填脏值,0.4052
ccMon00000818,告依春,3032313,0.404,0.7215,0.144,0.2009,0.85,B:导师特征,B:HERB库特征,干净,0.3175
ccMon00000824,愈创木醇,227829,0.062,0.1244,0.058,0.0448,0.49,B:导师特征,B:HERB库特征,干净,0.0624
ccMon00000825,鸟苷,,0.79,0.5884,,0.1292,0.79,A:SMILES,A:SMILES,回填脏值,-0.2016
ccMon00000831,哈巴苷,93045,0.43,0.1802,0.72,0.5073,0.53,B:导师特征,B:HERB库特征,干净,-0.2498
ccMon00000832,哈巴俄苷,5281542,0.658,0.8714,0.6807,0.7281,0.79,B:导师特征,B:HERB库特征,干净,0.2134
ccMon00000834,常春藤皂苷元,40469782,0.61,0.3393,0.1803,0.0804,0.61,A:SMILES,B:HERB库特征,回填脏值,-0.2707
ccMon00000837,橙皮素,72281,0.74,0.9425,0.446,0.7168,0.82,B:导师特征,B:HERB库特征,干净,0.2025
ccMon00000838,橙皮苷,10621,0.672,0.8882,0.8838,0.8241,0.37,B:导师特征,B:HERB库特征,干净,0.2162
ccMon00000839,十六烷酸,,0.68,0.2103,,0.1246,0.68,A:SMILES,A:SMILES,回填脏值,-0.4697
ccMon00000845,茅苍术醇（茅术醇）,10878761,0.058,0.6829,0.062,0.3765,0.95,B:导师特征,B:HERB库特征,干净,0.6249
ccMon00000846,扁柏双黄酮,5281627,0.484,0.8938,0.05,0.3618,0.74,B:导师特征,B:HERB库特征,干净,0.4098
ccMon00000848,毛钩藤碱,3037884,0.92,0.9576,0.716,0.7227,0.44,B:导师特征,B:HERB库特征,干净,0.0376
ccMon00000853,组胺,,0.76,0.4215,,0.1577,0.76,A:SMILES,A:SMILES,回填脏值,-0.3385
ccMon00000855,和厚朴酚,72303,0.4227,0.9051,0.196,0.7932,0.92,B:导师特征,B:HERB库特征,干净,0.4824
ccMon00000856,大麦芽碱,68313,0.454,0.4483,0.43,0.0905,0.55,B:导师特征,B:HERB库特征,干净,-0.0057
ccMon00000858,律草烯,23204,0.69,0.1014,0.0,0.1127,0.69,A:SMILES,B:HERB库特征,回填脏值,-0.5886
ccMon00000859,羟基芫花素,5318214,0.644,0.9194,0.556,0.3175,0.94,B:导师特征,B:HERB库特征,干净,0.2754
ccMon00000860,羟基红花黄色素 A,,0.76,0.6841,,0.0595,0.76,A:SMILES,A:SMILES,回填脏值,-0.0759
ccMon00000861,羟基酪醇,82755,0.38,0.8555,0.438,0.2093,0.83,B:导师特征,B:HERB库特征,干净,0.4755
ccMon00000862,猪去氧胆酸,5283822,0.32,0.6449,0.088,0.6081,0.32,A:SMILES,B:HERB库特征,回填脏值,0.3249
ccMon00000864,次乌头碱,441737,0.808,0.9697,0.316,0.7497,0.34,B:导师特征,B:HERB库特征,干净,0.1617
ccMon00000865,金丝桃苷,5280804,0.986,0.9512,0.953,0.5042,0.71,B:导师特征,B:HERB库特征,干净,-0.0348
ccMon00000866,次黄嘌呤,,0.52,0.5838,,0.3156,0.52,A:SMILES,A:SMILES,回填脏值,0.0638
ccMon00000867,淫羊藿苷,5318997,0.552,0.948,0.438,0.7961,0.7,B:导师特征,B:HERB库特征,干净,0.396
ccMon00000868,欧前胡素,10212,0.5545,0.9783,0.186,0.8027,0.85,B:导师特征,B:HERB库特征,干净,0.4238
ccMon00000870,西贝母碱(西贝素),167691,0.294,0.8689,0.158,0.4436,0.57,B:导师特征,B:HERB库特征,干净,0.5749
ccMon00000871,靛蓝,10215,0.438,0.3476,0.0707,0.1436,0.38,B:导师特征,B:HERB库特征,干净,-0.0904
ccMon00000872,靛玉红,10177,0.448,0.348,0.298,0.3397,0.49,B:导师特征,B:HERB库特征,干净,-0.1
ccMon00000873,吲哚乙酸酯,,0.66,0.3483,,0.0693,0.66,A:SMILES,A:SMILES,回填脏值,-0.3117
ccMon00000874,肌苷,135398641,0.35,0.9096,0.432,0.1959,0.31,B:导师特征,B:HERB库特征,干净,0.5596
ccMon00000877,碘,,0.79,0.5149,,0.0479,0.79,A:SMILES,A:SMILES,回填脏值,-0.2751
ccMon00000878,野鸢尾苷,5281777,0.862,0.8306,0.6534,0.4654,0.51,B:导师特征,B:HERB库特征,干净,-0.0314
ccMon00000879,野鸢尾黄素,5464170,0.916,0.8472,0.8188,0.7839,0.93,B:导师特征,B:HERB库特征,干净,-0.0688
ccMon00000880,次野鸢尾黄素,170569,0.954,0.8849,0.816,0.6863,0.62,B:导师特征,B:HERB库特征,干净,-0.0691
ccMon00000886,异毛蕊花糖苷（异麦角甾苷）,6476333,0.946,0.8775,0.923,0.3384,0.51,B:导师特征,B:HERB库特征,干净,-0.0685
ccMon00000889,补骨脂乙素（异补骨脂查尔酮）,5281255,0.5429,0.9261,0.196,0.5217,0.89,B:导师特征,B:HERB库特征,干净,0.3832
ccMon00000890,异补骨脂二氢黄酮,193679,0.31,0.9221,0.242,0.6356,0.77,B:导师特征,B:HERB库特征,干净,0.6121
ccMon00000892,异龙脑,6973640,0.75,0.3312,0.068,0.2983,0.75,A:SMILES,B:HERB库特征,回填脏值,-0.4188
ccMon00000894,异丁酰紫草素,,0.45,0.4223,,0.013,0.45,A:SMILES,A:SMILES,回填脏值,-0.0277
ccMon00000901,异莪术醇,10399139,0.3631,0.185,0.24,0.0808,0.93,B:导师特征,B:HERB库特征,干净,-0.1781
ccMon00000904,异欧前胡素,68081,0.384,0.9691,0.162,0.7287,0.31,B:导师特征,B:HERB库特征,干净,0.5851
ccMon00000907,异乌药内酯,5318587,0.622,0.2395,0.066,0.0433,0.94,B:导师特征,B:HERB库特征,干净,-0.3825
ccMon00000909,异甘草素,638278,0.781,0.9496,0.766,0.3356,0.93,B:导师特征,B:HERB库特征,干净,0.1686
ccMon00000910,异甘草苷,10364694,0.6,0.7663,0.7962,0.4997,0.6,A:SMILES,B:HERB库特征,回填脏值,0.1663
ccMon00000913,异薄荷酮,26447,0.056,0.0733,0.022,0.0267,0.6,B:导师特征,B:HERB库特征,干净,0.0173
ccMon00000916,异荭草苷,114776,0.764,0.9186,0.2388,0.7088,0.93,B:导师特征,B:HERB库特征,干净,0.1546
ccMon00000917,异海松酸,442048,0.4492,0.2689,0.018,0.012,0.32,B:导师特征,B:HERB库特征,干净,-0.1803
ccMon00000922,异槲皮素,5280804,0.986,0.9512,0.953,0.5042,0.87,B:导师特征,B:HERB库特征,干净,-0.0348
ccMon00000923,异槲皮苷（槲皮素-3-O-β-D-吡喃葡萄糖苷),5280804,0.986,0.9512,0.953,0.5042,0.38,B:导师特征,B:HERB库特征,干净,-0.0348
ccMon00000924,异鼠李素,5281654,1.0,0.8691,0.8257,0.3536,0.43,B:导师特征,B:HERB库特征,干净,-0.1309
ccMon00000929,异钩藤碱,5281408,0.916,0.9274,0.866,0.6936,0.57,B:导师特征,B:HERB库特征,干净,0.0114
ccMon00000931,异夏佛塔苷,13644663,0.78,0.5872,0.3112,0.2728,0.78,A:SMILES,B:HERB库特征,回填脏值,-0.1928
ccMon00000930,异夏佛托苷,13644663,0.7,0.5872,0.3112,0.2728,0.7,A:SMILES,B:HERB库特征,回填脏值,-0.1128
ccMon00000935,异牡荆苷,51340236,0.58,0.7432,0.689,0.8474,0.58,A:SMILES,B:HERB库特征,回填脏值,0.1632
ccMon00000939,棕矢车菊素,5379096,0.754,0.7301,0.6725,0.7346,0.57,B:导师特征,B:HERB库特征,干净,-0.0239
ccMon00000940,japonicone A,,0.6,0.2843,,0.0063,0.6,A:SMILES,A:SMILES,回填脏值,-0.3157
ccMon00000941,药根碱,72323,0.888,0.9749,0.822,0.8229,0.58,B:导师特征,B:HERB库特征,干净,0.0869
ccMon00000947,山奈素（山奈酚-4'-甲醚）,5281666,0.766,0.4803,0.3237,0.5308,0.87,B:导师特征,B:HERB库特征,干净,-0.2857
ccMon00000948,山奈苷,5486199,0.464,0.9106,0.6281,0.5654,0.3,B:导师特征,B:HERB库特征,干净,0.4466
ccMon00000950,山柰酚,5280863,0.932,0.6654,0.818,0.5018,0.4,B:导师特征,B:HERB库特征,干净,-0.2666
ccMon00000949,山奈酚,5280863,0.932,0.6654,0.818,0.5018,0.51,B:导师特征,B:HERB库特征,干净,-0.2666
ccMon00000961,多根乌头碱,441742,0.68,0.891,0.364,0.1288,0.91,B:导师特征,B:HERB库特征,干净,0.211
ccMon00000963,异贝壳杉烯酸,73062,0.39,0.3126,0.078,0.009,0.47,B:导师特征,B:HERB库特征,干净,-0.0774
ccMon00000966,地骨皮甲素,5318865,0.65,0.3048,0.2727,0.0384,0.94,B:导师特征,B:HERB库特征,干净,-0.3452
ccMon00000967,地骨皮乙素,,0.67,0.3894,,0.0341,0.67,A:SMILES,A:SMILES,回填脏值,-0.2806
ccMon00000968,苦参酮,11982640,0.474,0.5355,0.28,0.4408,0.51,B:导师特征,B:HERB库特征,干净,0.0615
ccMon00000974,桑皮酮G(桑黄酮G),5281667,0.46,0.2135,0.2249,0.0028,0.33,B:导师特征,B:HERB库特征,干净,-0.2465
ccMon00000975,桑皮酮H(桑黄酮H),5281668,0.442,0.2209,0.1912,0.0026,0.67,B:导师特征,B:HERB库特征,干净,-0.2211
ccMon00000976,乳酸,,0.72,0.2688,,0.0232,0.72,A:SMILES,A:SMILES,回填脏值,-0.4512
ccMon00000986,甘草查尔酮 A,5318998,0.8533,0.9337,0.358,0.6336,0.56,B:导师特征,B:HERB库特征,干净,0.0804
ccMon00000987,甘草查尔酮 B,5318999,0.868,0.9484,0.522,0.7636,0.94,B:导师特征,B:HERB库特征,干净,0.0804
ccMon00000988,藁本内酯,,0.63,0.65,,0.0345,0.63,A:SMILES,A:SMILES,回填脏值,0.02
ccMon00000990,柠檬烯（双戊烯）,439250,0.75,0.3713,0.072,0.433,0.75,A:SMILES,B:HERB库特征,回填脏值,-0.3787
ccMon00000991,柠檬苦素（吴茱萸内酯）,179651,0.872,0.8825,0.226,0.6551,0.88,B:导师特征,B:HERB库特征,干净,0.0105
ccMon00000992,芳樟醇（沉香醇）,67179,0.38,0.3274,0.18,0.1646,0.38,A:SMILES,B:HERB库特征,回填脏值,-0.0526
ccMon00000993,蒙花苷,5317025,0.562,0.347,0.6047,0.4043,0.37,B:导师特征,B:HERB库特征,干净,-0.215
ccMon00000996,钓樟内酯(乌药内酯),,0.91,0.3009,,0.0294,0.91,A:SMILES,A:SMILES,回填脏值,-0.6091
ccMon00000997,乌药醚内酯,6915739,0.384,0.343,0.328,0.1059,0.94,B:导师特征,B:HERB库特征,干净,-0.041
ccMon00001001,亚油酸,5282457,0.59,0.5913,0.8308,0.1296,0.59,A:SMILES,B:HERB库特征,回填脏值,0.0013
ccMon00001002,甘草素,114829,0.92,0.9472,0.904,0.7384,0.53,B:导师特征,B:HERB库特征,干净,0.0272
ccMon00001003,甘草苷,503737,0.876,0.9552,0.705,0.7694,0.46,B:导师特征,B:HERB库特征,干净,0.0792
ccMon00001005,石胆酸,9903,0.444,0.5155,0.058,0.4457,0.59,B:导师特征,B:HERB库特征,干净,0.0715
ccMon00001007,紫草酸,6441498,0.462,0.9151,0.504,0.798,0.46,B:导师特征,B:HERB库特征,干净,0.4531
ccMon00001010,马钱苷酸(落干酸),45358135,0.92,0.6203,0.651,0.8228,0.92,A:SMILES,B:HERB库特征,回填脏值,-0.2997
ccMon00001011,马钱苷,,0.4,0.5451,,0.0202,0.4,A:SMILES,A:SMILES,回填脏值,0.1451
ccMon00001014,忍冬苷,5282152,0.622,0.3959,0.746,0.1708,0.45,B:导师特征,B:HERB库特征,干净,-0.2261
ccMon00001018,木犀草素,5280445,0.8911,0.9378,0.64,0.7903,0.82,B:导师特征,B:HERB库特征,干净,0.0467
ccMon00001019,木犀草素-7-O-葡萄糖醛酸苷,5280601,0.72,0.7587,0.868,0.7411,0.72,A:SMILES,B:HERB库特征,回填脏值,0.0387
ccMon00001020,高丽槐素（马卡因）,91510,0.442,0.8983,0.424,0.556,0.92,B:导师特征,B:HERB库特征,干净,0.4563
ccMon00001023,木兰花碱,73337,0.894,0.905,0.6996,0.71,0.31,B:导师特征,B:HERB库特征,干净,0.011
ccMon00001024,辛夷脂素,169234,0.702,0.9083,0.4953,0.4632,0.93,B:导师特征,B:HERB库特征,干净,0.2063
ccMon00001025,厚朴酚,72300,0.4207,0.8939,0.032,0.5428,0.78,B:导师特征,B:HERB库特征,干净,0.4732
ccMon00001028,苹果酸,,0.34,0.4671,,0.153,0.34,A:SMILES,A:SMILES,回填脏值,0.1271
ccMon00001030,芒果苷,5281647,0.856,0.853,0.252,0.6048,0.68,B:导师特征,B:HERB库特征,干净,-0.003
ccMon00001033,山楂酸（马斯里酸；2α-羟基齐墩果酸）,73659,0.488,0.3866,0.228,0.165,0.69,B:导师特征,B:HERB库特征,干净,-0.1014
ccMon00001034,罗汉松树脂酚,119205,0.718,0.9453,0.435,0.2245,0.53,B:导师特征,B:HERB库特征,干净,0.2273
ccMon00001035,罗汉松树脂酚苷,11432381,0.88,0.5794,0.3087,0.2241,0.88,A:SMILES,B:HERB库特征,回填脏值,-0.3006
ccMon00001036,苦参碱,165549,0.382,0.9493,0.214,0.7449,0.93,B:导师特征,B:HERB库特征,干净,0.5673
ccMon00001037,美迪紫檀素（黄芪紫檀素）,73067,0.43,0.5651,0.384,0.1347,0.43,A:SMILES,B:HERB库特征,回填脏值,0.1351
ccMon00001038,薄荷醇,19243,0.93,0.1441,0.134,0.0094,0.93,A:SMILES,B:HERB库特征,回填脏值,-0.7859
ccMon00001039,薄荷酮,26447,0.056,0.0733,0.022,0.0267,0.71,B:导师特征,B:HERB库特征,干净,0.0173
ccMon00001043,新乌头碱,441747,0.838,0.9772,0.776,0.8781,0.66,B:导师特征,B:HERB库特征,干净,0.1392
ccMon00001044,花椒毒素（8-甲氧基补骨脂素）,4114,0.68,0.9699,0.236,0.8825,0.49,B:导师特征,B:HERB库特征,干净,0.2899
ccMon00001052,甲基麻黄碱,64782,0.53,0.5631,0.328,0.6221,0.53,A:SMILES,B:HERB库特征,回填脏值,0.0331
ccMon00001048,没食子酸甲酯,7428,0.942,0.4279,0.932,0.1298,0.86,B:导师特征,B:HERB库特征,干净,-0.5141
ccMon00001050,棕榈酸甲酯,8181,0.452,0.4044,0.2264,0.0247,0.53,B:导师特征,B:HERB库特征,干净,-0.0476
ccMon00001058,大叶茜草素,124219,0.365,0.4095,0.34,0.0579,0.75,B:导师特征,B:HERB库特征,干净,0.0445
ccMon00001060,水晶兰苷,73466,0.548,0.9533,0.782,0.85,0.43,B:导师特征,B:HERB库特征,干净,0.4053
ccMon00001061,桑色素,5281670,0.894,0.6278,0.608,0.5947,0.41,B:导师特征,B:HERB库特征,干净,-0.2662
ccMon00001062,吗啡,5288826,0.448,0.8998,0.256,0.6852,0.78,B:导师特征,B:HERB库特征,干净,0.4518
ccMon00001063,莫诺苷,11228693,0.456,0.9441,0.922,0.7539,0.64,B:导师特征,B:HERB库特征,干净,0.4881
ccMon00001065,桑辛素(桑根皮素),5281671,0.5,0.2823,0.15,0.0216,0.81,B:导师特征,B:HERB库特征,干净,-0.2177
ccMon00001068,桑皮苷A,6443484,0.594,0.9199,0.6172,0.7333,0.76,B:导师特征,B:HERB库特征,干净,0.3259
ccMon00001069,麝香酮,10947,0.08,0.6832,0.022,0.1683,0.83,B:导师特征,B:HERB库特征,干净,0.6032
ccMon00001073,月桂烯,31253,0.048,0.764,0.032,0.4969,0.34,B:导师特征,B:HERB库特征,干净,0.716
ccMon00001074,杨梅苷（杨梅素-3-O-β-D-葡萄糖苷）,5281673,0.59,0.9372,0.551,0.7017,0.53,B:导师特征,B:HERB库特征,干净,0.3472
ccMon00001075,肉豆蔻酸,11005,0.556,0.9768,0.328,0.2337,0.66,B:导师特征,B:HERB库特征,干净,0.4208
ccMon00001076,肉豆蔻醚,4276,0.289,0.4176,0.292,0.2246,0.57,B:导师特征,B:HERB库特征,干净,0.1286
ccMon00001077,桃金娘醛,61130,0.134,0.2227,0.036,0.0625,0.55,B:导师特征,B:HERB库特征,干净,0.0887
ccMon00001079,柚皮素,932,0.51,0.7633,0.691,0.4053,0.51,A:SMILES,B:HERB库特征,回填脏值,0.2533
ccMon00001080,柚皮苷,442428,0.65,0.9423,0.573,0.8608,0.63,B:导师特征,B:HERB库特征,干净,0.2923
ccMon00001081,芸香柚皮苷,442431,0.602,0.7603,0.601,0.8242,0.62,B:导师特征,B:HERB库特征,干净,0.1583
ccMon00001087,新补骨脂异黄酮,5320053,0.397,0.963,0.022,0.6537,0.82,B:导师特征,B:HERB库特征,干净,0.566
ccMon00001089,新蛇床酞内酯,5018391,0.9,0.62,0.546,0.5831,0.9,A:SMILES,B:HERB库特征,回填脏值,-0.28
ccMon00001091,新北美圣草苷,114627,0.588,0.9471,0.755,0.8229,0.43,B:导师特征,B:HERB库特征,干净,0.3591
ccMon00001092,新橙皮苷,442439,0.802,0.9633,0.4494,0.5411,0.68,B:导师特征,B:HERB库特征,干净,0.1613
ccMon00001096,新对叶百部碱,5461840,0.72,0.6796,0.2287,0.7936,0.72,A:SMILES,B:HERB库特征,回填脏值,-0.0404
ccMon00001098,橙花醇（香叶醇）,637566,0.38,0.2126,0.252,0.4267,0.38,A:SMILES,B:HERB库特征,回填脏值,-0.1674
ccMon00001099,橙花叔醇,11241545,0.83,0.4503,0.106,0.2292,0.83,A:SMILES,B:HERB库特征,回填脏值,-0.3797
ccMon00001100,橙花醇乙酸酯,1549025,0.2961,0.8439,0.182,0.3674,0.58,B:导师特征,B:HERB库特征,干净,0.5478
ccMon00001105,正己烷,,0.85,0.2834,,0.0289,0.85,A:SMILES,A:SMILES,回填脏值,-0.5666
ccMon00001109,川陈皮素,72344,0.911,0.9684,0.878,0.2717,0.32,B:导师特征,B:HERB库特征,干净,0.0574
ccMon00001112,紫花前胡苷,73191,0.666,0.3856,0.471,0.5591,0.8,B:导师特征,B:HERB库特征,干净,-0.2804
ccMon00001113,二十九烷,12409,0.156,0.96,0.002,0.2305,0.85,B:导师特征,B:HERB库特征,干净,0.804
ccMon00001116,圆柚酮（努特卡酮）,,0.63,0.1659,,0.0295,0.63,A:SMILES,A:SMILES,回填脏值,-0.4641
ccMon00001119,去甲异波尔定,,0.83,0.4648,,0.0467,0.83,A:SMILES,A:SMILES,回填脏值,-0.3652
ccMon00001123,那可丁（诺司卡品）,275196,0.798,0.6687,0.45,0.4358,0.91,B:导师特征,B:HERB库特征,干净,-0.1293
ccMon00001124,三七皂苷R1,441934,0.936,0.9895,0.674,0.8709,0.54,B:导师特征,B:HERB库特征,干净,0.0535
ccMon00001126,羌活醇,5320227,0.508,0.9096,0.154,0.68,0.4,B:导师特征,B:HERB库特征,干净,0.4016
ccMon00001132,黄柏酮,119041,0.888,0.8951,0.248,0.7076,0.65,B:导师特征,B:HERB库特征,干净,0.0071
ccMon00001135,正辛酸,379,0.574,0.5954,0.148,0.3392,0.62,B:导师特征,B:HERB库特征,干净,0.0214
ccMon00001137,乙酸辛酯,8164,0.2288,0.2507,0.112,0.1552,0.9,B:导师特征,B:HERB库特征,干净,0.0219
ccMon00001141,橄榄苦苷,5281544,0.632,0.4526,0.519,0.214,0.43,B:导师特征,B:HERB库特征,干净,-0.1794
ccMon00001145,刺芒柄花苷,442813,0.934,0.9574,0.632,0.5584,0.34,B:导师特征,B:HERB库特征,干净,0.0234
ccMon00001148,麦冬皂苷D,46173859,0.682,0.6026,0.1907,0.5228,0.34,B:导师特征,B:HERB库特征,干净,-0.0794
ccMon00001151,荭草苷,5281675,0.774,0.9454,0.693,0.7244,0.61,B:导师特征,B:HERB库特征,干净,0.1714
ccMon00001154,蛇床子素,10228,0.6718,0.9339,0.208,0.6906,0.66,B:导师特征,B:HERB库特征,干净,0.2621
ccMon00001155,草酸,971,0.51,0.4543,0.062,0.0383,0.6,B:导师特征,B:HERB库特征,干净,-0.0557
ccMon00001158,氧化苦参碱,114850,0.4,0.8841,0.148,0.7828,0.7,B:导师特征,B:HERB库特征,干净,0.4841
ccMon00001159,oxypaeonidanin,,0.64,0.5693,,0.1263,0.64,A:SMILES,A:SMILES,回填脏值,-0.0707
ccMon00001161,氧化前胡素,33306,0.49,0.7458,0.145,0.3184,0.49,A:SMILES,B:HERB库特征,回填脏值,0.2558
ccMon00001163,氧化白藜芦醇,5281717,0.588,0.9309,0.572,0.6988,0.32,B:导师特征,B:HERB库特征,干净,0.3429
ccMon00001164,氧化槐果碱,24721085,0.394,0.8659,0.044,0.4349,0.69,B:导师特征,B:HERB库特征,干净,0.4719
ccMon00001165,茯苓酸,5484385,0.844,0.8767,0.726,0.4039,0.92,B:导师特征,B:HERB库特征,干净,0.0327
ccMon00001166,藿香黄酮醇,5281677,0.672,0.2616,0.4287,0.0621,0.5,B:导师特征,B:HERB库特征,干净,-0.4104
ccMon00001167,芍药苷,70697913,0.87,0.7909,0.685,0.4548,0.87,A:SMILES,B:HERB库特征,回填脏值,-0.0791
ccMon00001169,丹皮酚（牡丹酚）,11092,0.832,0.8732,0.298,0.4069,0.66,B:导师特征,B:HERB库特征,干净,0.0412
ccMon00001170,巴马汀,,0.83,0.3699,,0.0269,0.83,A:SMILES,A:SMILES,回填脏值,-0.4601
ccMon00001174,罂粟碱,4680,0.6993,0.9236,0.368,0.5568,0.62,B:导师特征,B:HERB库特征,干净,0.2243
ccMon00001180,广藿香醇（百秋李醇）,10955174,0.07,0.1558,0.098,0.2286,0.31,B:导师特征,B:HERB库特征,干净,0.0858
ccMon00001182,对香豆酸（4-香豆素）,637542,0.896,0.9701,0.958,0.3684,0.42,B:导师特征,B:HERB库特征,干净,0.0741
ccMon00001184,对-伞花烃（4-异丙基甲苯）,7463,0.027,0.6983,0.032,0.3765,0.33,B:导师特征,B:HERB库特征,干净,0.6713
ccMon00001185,柳穿鱼黄素,5320438,0.822,0.5109,0.3538,0.2413,0.79,B:导师特征,B:HERB库特征,干净,-0.3111
ccMon00001186,柳穿鱼叶苷（大蓟苷）,168849,0.48,0.3726,0.6567,0.3824,0.73,B:导师特征,B:HERB库特征,干净,-0.1074
ccMon00001190,十五烷,12391,0.0975,0.478,0.0913,0.2695,0.79,B:导师特征,B:HERB库特征,干净,0.3805
ccMon00001191,十五酸,13849,0.838,0.9777,0.85,0.2197,0.3,B:导师特征,B:HERB库特征,干净,0.1397
ccMon00001192,perilla ketone,68381,0.202,0.2238,0.422,0.1209,0.35,B:导师特征,B:HERB库特征,干净,0.0218
ccMon00001193,紫苏醛,2724159,0.67,0.2304,0.15,0.0347,0.67,A:SMILES,B:HERB库特征,回填脏值,-0.4396
ccMon00001195,奈嵌苯酮,,0.94,0.2709,,0.0797,0.94,A:SMILES,A:SMILES,回填脏值,-0.6691
ccMon00001198,黄柏碱,3081405,0.884,0.9139,0.4293,0.7486,0.93,B:导师特征,B:HERB库特征,干净,0.0299
ccMon00001199,珊瑚菜内酯,98608,0.5645,0.9857,0.194,0.796,0.83,B:导师特征,B:HERB库特征,干净,0.4212
ccMon00001200,连翘脂素,12314161,0.71,0.6365,0.2147,0.3887,0.71,A:SMILES,B:HERB库特征,回填脏值,-0.0735
ccMon00001203,大黄素甲醚,10639,0.812,0.9191,0.848,0.7071,0.91,B:导师特征,B:HERB库特征,干净,0.1071
ccMon00001207,白皮杉醇,,0.7,0.5131,,0.0265,0.7,A:SMILES,A:SMILES,回填脏值,-0.1869
ccMon00001208,苦番红花素,130796,0.754,0.8399,0.154,0.1832,0.37,B:导师特征,B:HERB库特征,干净,0.0859
ccMon00001210,胡黄连苷Ⅱ,11944602,0.482,0.4058,0.2921,0.0372,0.57,B:导师特征,B:HERB库特征,干净,-0.0762
ccMon00001214,乔松素（松属素）,68071,0.636,0.9348,0.792,0.6884,0.44,B:导师特征,B:HERB库特征,干净,0.2988
ccMon00001215,松脂素,12309636,0.5,0.6005,0.1603,0.3234,0.5,A:SMILES,B:HERB库特征,回填脏值,0.1005
ccMon00001224,车前胍酸(车前素),,0.91,0.3621,,0.0234,0.91,A:SMILES,A:SMILES,回填脏值,-0.5479
ccMon00001226,桔梗皂苷D,162859,0.532,0.1386,0.034,0.0057,0.9,B:导师特征,B:HERB库特征,干净,-0.3934
ccMon00001227,桔梗皂苷D3,75251137,0.382,0.1475,0.386,0.0066,0.58,B:导师特征,B:HERB库特征,干净,-0.2345
ccMon00001232,虎杖苷,5281718,0.722,0.9213,0.4837,0.3735,0.53,B:导师特征,B:HERB库特征,干净,0.1993
ccMon00001240,没食子酸丙酯,4947,0.784,0.5756,0.1,0.1492,0.36,B:导师特征,B:HERB库特征,干净,-0.2084
ccMon00001241,"原儿茶醛（3,4-二羟基苯甲醛）",8768,0.87,0.946,0.712,0.8428,0.54,B:导师特征,B:HERB库特征,干净,0.076
ccMon00001242,原儿茶酸,72,0.958,0.9758,0.76,0.289,0.51,B:导师特征,B:HERB库特征,干净,0.0178
ccMon00001245,野黑樱苷,91434,0.35,0.7008,0.654,0.5978,0.35,A:SMILES,B:HERB库特征,回填脏值,0.3508
ccMon00001247,伪麻黄碱,7028,0.83,0.9716,0.924,0.5273,0.75,B:导师特征,B:HERB库特征,干净,0.1416
ccMon00001250,补骨脂素,6199,0.472,0.9703,0.232,0.8842,0.35,B:导师特征,B:HERB库特征,干净,0.4983
ccMon00001252,补骨脂定,5281806,0.552,0.8875,0.0812,0.3272,0.92,B:导师特征,B:HERB库特征,干净,0.3355
ccMon00001254,葛根素,5281807,0.73,0.9682,0.7793,0.7832,0.66,B:导师特征,B:HERB库特征,干净,0.2382
ccMon00001257,胡薄荷酮,442495,0.1,0.0917,0.066,0.0754,0.38,B:导师特征,B:HERB库特征,干净,-0.0083
ccMon00001259,安石榴苷,,0.54,0.3226,,0.0123,0.54,A:SMILES,A:SMILES,回填脏值,-0.2174
ccMon00001260,羟基茜草素,,0.34,0.5867,,0.1361,0.34,A:SMILES,A:SMILES,回填脏值,0.2467
ccMon00001261,腐胺,1045,0.374,0.239,0.122,0.0565,0.35,B:导师特征,B:HERB库特征,干净,-0.135
ccMon00001262,槲皮素,5280343,0.996,0.9078,0.791,0.4874,0.76,B:导师特征,B:HERB库特征,干净,-0.0882
ccMon00001269,槲皮苷,5280459,0.52,0.9591,0.6067,0.4193,0.33,B:导师特征,B:HERB库特征,干净,0.4391
ccMon00001276,白藜芦醇,445154,0.556,0.9353,0.1,0.3387,0.94,B:导师特征,B:HERB库特征,干净,0.3793
ccMon00001278,"雷杜辛黄酮醇（栎精-3,7,3',4'-四甲醚）",5352005,0.688,0.31,0.1787,0.09,0.33,B:导师特征,B:HERB库特征,干净,-0.378
ccMon00001279,鼠李柠檬素,,0.36,0.7269,,0.217,0.36,A:SMILES,A:SMILES,回填脏值,0.3669
ccMon00001281,大黄酸,10168,0.89,0.9356,0.732,0.7521,0.89,B:导师特征,B:HERB库特征,干净,0.0456
ccMon00001283,野漆树苷（芹菜素-7-O-β-新橙皮糖苷）,5282150,0.666,0.382,0.2683,0.2154,0.78,B:导师特征,B:HERB库特征,干净,-0.284
ccMon00001284,钩藤碱,5281408,0.916,0.9274,0.866,0.6936,0.9,B:导师特征,B:HERB库特征,干净,0.0114
ccMon00001285,栎瘿酸,12315005,0.4392,0.2665,0.08,0.2456,0.91,B:导师特征,B:HERB库特征,干净,-0.1727
ccMon00001286,迷迭香酸,5281792,0.67,0.9056,0.384,0.2452,0.52,B:导师特征,B:HERB库特征,干净,0.2356
ccMon00001287,甲基异茜草素,124062,0.502,0.3497,0.82,0.0881,0.57,B:导师特征,B:HERB库特征,干净,-0.1523
ccMon00001289,吴茱萸次碱,65752,0.478,0.8829,0.292,0.6989,0.88,B:导师特征,B:HERB库特征,干净,0.4049
ccMon00001290,芦丁（芸香苷）,5293655,0.41,0.5788,0.2565,0.1979,0.41,A:SMILES,B:HERB库特征,回填脏值,0.1688
ccMon00001291,桧烯（香桧烯）,18818,0.072,0.141,0.04,0.0896,0.8,B:导师特征,B:HERB库特征,干净,0.069
ccMon00001293,番紅花醛,61041,0.082,0.1583,0.03,0.048,0.7,B:导师特征,B:HERB库特征,干净,0.0763
ccMon00001294,黄樟醚,5144,0.226,0.8116,0.29,0.6604,0.75,B:导师特征,B:HERB库特征,干净,0.5856
ccMon00001295,柴胡皂苷a,129637783,0.69,0.7075,0.577,0.2759,0.69,A:SMILES,B:HERB库特征,回填脏值,0.0175
ccMon00001302,水杨酸,338,0.784,0.9286,0.498,0.2974,0.57,B:导师特征,B:HERB库特征,干净,0.1446
ccMon00001303,红景天苷,159278,0.682,0.9026,0.326,0.2185,0.64,B:导师特征,B:HERB库特征,干净,0.2206
ccMon00001304,去甲猪毛菜碱,91588,0.448,0.4059,0.408,0.0442,0.74,B:导师特征,B:HERB库特征,干净,-0.0421
ccMon00001311,菝葜皂苷元,99516,0.0983,0.3101,0.144,0.2258,0.52,B:导师特征,B:HERB库特征,干净,0.2118
ccMon00001314,夏佛塔苷,185958,0.61,0.5872,0.3112,0.2728,0.61,A:SMILES,B:HERB库特征,回填脏值,-0.0228
ccMon00001322,五味子酚,73057,0.6807,0.9403,0.755,0.5409,0.65,B:导师特征,B:HERB库特征,干净,0.2596
ccMon00001326,"滨蒿内酯（6,7-二甲氧基香豆素）",8417,0.92,0.9697,0.294,0.682,0.6,B:导师特征,B:HERB库特征,干净,0.0497
ccMon00001327,东莨菪内酯(莨菪亭),5280460,0.762,0.9733,0.194,0.7245,0.79,B:导师特征,B:HERB库特征,干净,0.2113
ccMon00001328,野黄芩苷,,0.61,0.2302,,0.0192,0.61,A:SMILES,A:SMILES,回填脏值,-0.3798
ccMon00001330,克氏千里光碱(氧化苦素碱),,0.74,0.2409,,0.0349,0.74,A:SMILES,A:SMILES,回填脏值,-0.4991
ccMon00001336,L-芝麻脂素,11869417,0.808,0.9423,0.894,0.267,0.47,B:导师特征,B:HERB库特征,干净,0.1343
ccMon00001339,山栀苷,11948668,0.472,0.9466,0.888,0.8394,0.45,B:导师特征,B:HERB库特征,干净,0.4746
ccMon00001340,山栀苷甲酯,13892722,0.466,0.9456,0.782,0.7854,0.43,B:导师特征,B:HERB库特征,干净,0.4796
ccMon00001341,莽草酸,,0.9,0.441,,0.0497,0.9,A:SMILES,A:SMILES,回填脏值,-0.459
ccMon00001342,紫草素,,0.44,0.6094,,0.0549,0.44,A:SMILES,A:SMILES,回填脏值,0.1694
ccMon00001350,芥子酸,637775,0.67,0.9306,0.218,0.3415,0.79,B:导师特征,B:HERB库特征,干净,0.2606
ccMon00001352,甜橙黄酮,145659,0.905,0.9029,0.82,0.6518,0.64,B:导师特征,B:HERB库特征,干净,-0.0021
ccMon00001353,白芥子苷(黑芥子硫苷酸钾),9692361,0.51,0.3496,0.2437,0.0138,0.51,A:SMILES,B:HERB库特征,回填脏值,-0.1604
ccMon00001356,宋果灵,71456946,0.78,0.3286,0.826,0.1158,0.54,B:导师特征,B:HERB库特征,干净,-0.4514
ccMon00001357,槐果碱,115269,0.384,0.9126,0.244,0.7625,0.81,B:导师特征,B:HERB库特征,干净,0.5286
ccMon00001358,槐黄醇,9929189,0.5619,0.4927,0.068,0.0517,0.46,B:导师特征,B:HERB库特征,干净,-0.0692
ccMon00001362,山豆根酮（山豆根色满二氢黄酮I或山豆根素）,441767,0.328,0.4313,0.142,0.0636,0.94,B:导师特征,B:HERB库特征,干净,0.1033
ccMon00001363,槐定碱,165549,0.382,0.9493,0.214,0.7449,0.83,B:导师特征,B:HERB库特征,干净,0.5673
ccMon00001364,匙叶桉油醇（斯巴醇）,522266,0.32,0.1406,0.024,0.0233,0.32,A:SMILES,B:HERB库特征,回填脏值,-0.1794
ccMon00001365,特女贞苷,91895359,0.608,0.8198,0.2973,0.6232,0.35,B:导师特征,B:HERB库特征,干净,0.2118
ccMon00001366,亚精胺,1102,0.494,0.2215,0.418,0.072,0.74,B:导师特征,B:HERB库特征,干净,-0.2725
ccMon00001367,精胺,1103,0.426,0.2679,0.122,0.0206,0.7,B:导师特征,B:HERB库特征,干净,-0.1581
ccMon00001371,百部新碱,15983991,0.574,0.8908,0.1683,0.5069,0.79,B:导师特征,B:HERB库特征,干净,0.3168
ccMon00001373,琥珀酸,1110,0.518,0.9042,0.126,0.255,0.41,B:导师特征,B:HERB库特征,干净,0.3862
ccMon00001375,獐牙菜苷(当药苷),161036,0.684,0.8696,0.6577,0.7274,0.41,B:导师特征,B:HERB库特征,干净,0.1856
ccMon00001377,獐牙菜苦苷,442435,0.576,0.5802,0.5861,0.436,0.61,B:导师特征,B:HERB库特征,干净,0.0042
ccMon00001380,紫丁香苷（刺五加苷B）,5316860,0.888,0.9047,0.54,0.7203,0.84,B:导师特征,B:HERB库特征,干净,0.0167
ccMon00001381,橘红素(橘皮素),68077,0.763,0.9462,0.7688,0.7341,0.8,B:导师特征,B:HERB库特征,干净,0.1832
ccMon00001386,牛磺胆酸,6675,0.542,0.7874,0.3547,0.7453,0.56,B:导师特征,B:HERB库特征,干净,0.2454
ccMon00001388,牛磺猪去氧胆酸,,0.66,0.4564,,0.1705,0.66,A:SMILES,A:SMILES,回填脏值,-0.2036
ccMon00001389,花旗松素,53708475,0.44,0.7335,0.2143,0.0722,0.44,A:SMILES,B:HERB库特征,回填脏值,0.2935
ccMon00001390,鸢尾苷（射干苷）,5281810,0.95,0.8756,0.7383,0.7549,0.7,B:导师特征,B:HERB库特征,干净,-0.0744
ccMon00001391,鸢尾黄素（鸢尾苷元）,5281811,0.93,0.9424,0.5303,0.6882,0.8,B:导师特征,B:HERB库特征,干净,0.0124
ccMon00001392,细叶远志皂苷,21588226,0.85,0.8267,0.698,0.4184,0.9,B:导师特征,B:HERB库特征,干净,-0.0233
ccMon00001397,松油醇,17100,0.046,0.1105,0.036,0.0486,0.38,B:导师特征,B:HERB库特征,干净,0.0645
ccMon00001398,萜品油烯,11463,0.029,0.1346,0.082,0.1704,0.75,B:导师特征,B:HERB库特征,干净,0.1056
ccMon00001399,乙酸松油酯,111037,0.1908,0.192,0.118,0.0422,0.89,B:导师特征,B:HERB库特征,干净,0.0012
ccMon00001400,十四酸,11005,0.556,0.9768,0.328,0.2337,0.79,B:导师特征,B:HERB库特征,干净,0.4208
ccMon00001401,川芎嗪,,0.35,0.5182,,0.0291,0.35,A:SMILES,A:SMILES,回填脏值,0.1682
ccMon00001402,粉防己碱,457825,0.58,0.6721,0.174,0.4334,0.58,A:SMILES,B:HERB库特征,回填脏值,0.0921
ccMon00001403,蒂巴因,408120,0.79,0.7379,0.06,0.542,0.79,A:SMILES,B:HERB库特征,回填脏值,-0.0521
ccMon00001405,侧柏酮（宁酮）,261491,0.164,0.104,0.02,0.0357,0.83,B:导师特征,B:HERB库特征,干净,-0.06
ccMon00001406,脱氧胸苷,5789,0.484,0.4201,0.18,0.0664,0.76,B:导师特征,B:HERB库特征,干净,-0.0639
ccMon00001407,胸腺嘧啶,1135,0.496,0.8868,0.116,0.6095,0.53,B:导师特征,B:HERB库特征,干净,0.3908
ccMon00001408,麝香草酚,6989,0.052,0.2239,0.276,0.1494,0.8,B:导师特征,B:HERB库特征,干净,0.1719
ccMon00001411,"银椴苷(山柰酚-3-O-β-D-(6""-p-香豆酰)-吡喃葡萄糖苷)",5320686,0.58,0.4752,0.6578,0.3166,0.87,B:导师特征,B:HERB库特征,干净,-0.1048
ccMon00001412,知母皂苷AIII,10628815,0.41,0.6612,0.4304,0.2871,0.41,A:SMILES,B:HERB库特征,回填脏值,0.2512
ccMon00001423,川楝素,9851101,0.708,0.2573,0.458,0.0655,0.67,B:导师特征,B:HERB库特征,干净,-0.4507
ccMon00001439,苜蓿素,5281702,0.658,0.5285,0.6102,0.1198,0.33,B:导师特征,B:HERB库特征,干净,-0.1295
ccMon00001441,三叶豆紫檀苷（红车轴草苷）,442827,0.624,0.9391,0.59,0.4208,0.86,B:导师特征,B:HERB库特征,干净,0.3151
ccMon00001442,葫芦巴碱,5570,0.802,0.8839,0.654,0.7218,0.4,B:导师特征,B:HERB库特征,干净,0.0819
ccMon00001443,"4,5',8-三甲基补骨脂素",5585,0.456,0.5179,0.088,0.2332,0.82,B:导师特征,B:HERB库特征,干净,0.0619
ccMon00001445,色胺,1150,0.652,0.3767,0.634,0.0514,0.31,B:导师特征,B:HERB库特征,干净,-0.2753
ccMon00001446,色胺酮,73549,0.362,0.8896,0.126,0.6721,0.36,B:导师特征,B:HERB库特征,干净,0.5276
ccMon00001449,对叶百部碱,5461840,0.82,0.6796,0.2287,0.7936,0.82,A:SMILES,B:HERB库特征,回填脏值,-0.1404
ccMon00001453,土克甾酮,,0.42,0.4012,,0.0099,0.42,A:SMILES,A:SMILES,回填脏值,-0.0188
ccMon00001454,姜黄酮,14367556,0.81,0.1635,0.056,0.056,0.81,A:SMILES,B:HERB库特征,回填脏值,-0.6465
ccMon00001456,款冬酮,13919185,0.468,0.2067,0.142,0.0103,0.8,B:导师特征,B:HERB库特征,干净,-0.2613
ccMon00001457,香蒲新苷,44566503,0.386,0.7589,0.1758,0.2783,0.43,B:导师特征,B:HERB库特征,干净,0.3729
ccMon00001458,酪胺,5610,0.626,0.8507,0.48,0.3147,0.38,B:导师特征,B:HERB库特征,干净,0.2247
ccMon00001459,酪醇,10393,0.338,0.8866,0.514,0.2718,0.92,B:导师特征,B:HERB库特征,干净,0.5486
ccMon00001461,伞形花内酯（7-羟基香豆素）,5281426,0.512,0.9554,0.142,0.6867,0.48,B:导师特征,B:HERB库特征,干净,0.4434
ccMon00001462,尿嘧啶,1174,0.424,0.937,0.15,0.2869,0.6,B:导师特征,B:HERB库特征,干净,0.513
ccMon00001463,尿苷,6029,0.346,0.848,0.34,0.6621,0.39,B:导师特征,B:HERB库特征,干净,0.502
ccMon00001464,熊果酸（乌索酸）,64945,0.458,0.8005,0.378,0.5714,0.57,B:导师特征,B:HERB库特征,干净,0.3425
ccMon00001466,香草酸,8468,0.772,0.9658,0.456,0.2755,0.37,B:导师特征,B:HERB库特征,干净,0.1938
ccMon00001467,香荚兰醛,1183,0.71,0.9141,0.394,0.2624,0.81,B:导师特征,B:HERB库特征,干净,0.2041
ccMon00001470,马鞭草苷（山茱萸苷）,,0.78,0.4559,,0.0938,0.78,A:SMILES,A:SMILES,回填脏值,-0.3241
ccMon00001471,马鞭草烯酮,,0.77,0.1423,,0.1125,0.77,A:SMILES,A:SMILES,回填脏值,-0.6277
ccMon00001478,牡荆苷（牡荆素）,133567538,0.46,0.7094,0.6365,0.7362,0.46,A:SMILES,B:HERB库特征,回填脏值,0.2494
ccMon00001479,蟛蜞菊内酯,5281813,0.584,0.477,0.466,0.1766,0.52,B:导师特征,B:HERB库特征,干净,-0.107
ccMon00001481,汉黄芩素,5281703,0.876,0.9455,0.9647,0.7218,0.61,B:导师特征,B:HERB库特征,干净,0.0695
ccMon00001482,汉黄芩苷,3084961,0.954,0.9659,0.8748,0.7767,0.64,B:导师特征,B:HERB库特征,干净,0.0119
ccMon00001483,黄嘌呤,1188,0.47,0.8972,0.306,0.8035,0.91,B:导师特征,B:HERB库特征,干净,0.4272
ccMon00001485,花椒毒酚,65090,0.432,0.9595,0.118,0.6159,0.76,B:导师特征,B:HERB库特征,干净,0.5275
ccMon00001488,芫花酯乙,6440572,0.526,0.2896,0.15,0.0194,0.55,B:导师特征,B:HERB库特征,干净,-0.2364
ccMon00001492,姜烯,92776,0.046,0.1597,0.02,0.0766,0.32,B:导师特征,B:HERB库特征,干净,0.1137
ccMon00001495,地榆皂苷I,71609288,0.688,0.8135,0.5189,0.0946,0.53,B:导师特征,B:HERB库特征,干净,0.1255
ccMon00001496,地榆皂苷 II,71773126,0.56,0.8619,0.1827,0.5407,0.47,B:导师特征,B:HERB库特征,干净,0.3019
